id,first_name,last_name,email,gender,ip_address
1,Flor,Sudlow,fsudlow0@google.ru,Male,191.184.141.248
2,Gibbie,Cesaric,gcesaric1@paypal.com,Male,187.34.19.182
3,Gelya,Vause,gvause2@hao123.com,Female,39.136.72.167
4,Wileen,Cote,wcote3@tinypic.com,Male,104.131.232.146
5,Renell,Tossell,rtossell4@wsj.com,Female,144.93.2.159
6,Leola,Hannabus,lhannabus5@mapquest.com,Female,8.240.7.171
7,Gwendolin,Blowers,gblowers6@123-reg.co.uk,Female,42.40.220.49
8,Christie,Timms,ctimms7@theguardian.com,Genderqueer,10.244.89.64
9,Haydon,Sidgwick,hsidgwick8@twitpic.com,Male,68.224.120.243
10,Barty,Beggi,bbeggi9@princeton.edu,Male,79.255.233.154
11,Janka,Kordova,jkordovaa@mozilla.org,Agender,235.99.199.236
12,Hilary,Hellings,hhellingsb@elegantthemes.com,Male,208.111.133.69
13,Cathyleen,Deftie,cdeftiec@sbwire.com,Female,143.98.231.7
14,Jennilee,Cookley,jcookleyd@google.ru,Male,209.174.142.250
15,Darb,Dines,ddinese@tiny.cc,Male,64.224.88.217
16,Garey,Brushfield,gbrushfieldf@macromedia.com,Female,173.124.105.1
17,Vinnie,Mixworthy,vmixworthyg@fema.gov,Male,218.86.133.235
18,Lettie,Clemendot,lclemendoth@phoca.cz,Female,100.62.53.60
19,Lowrance,MacIllrick,lmacillricki@indiegogo.com,Female,208.223.10.40
20,Happy,Beaten,hbeatenj@jugem.jp,Male,199.240.20.108
21,Hale,Souttar,hsouttark@businessinsider.com,Male,155.97.223.228
22,Gregorius,Steels,gsteelsl@dagondesign.com,Female,53.230.93.157
23,Lorelle,Redhead,lredheadm@privacy.gov.au,Male,163.163.140.50
24,Celeste,Beere,cbeeren@blinklist.com,Male,137.74.88.120
25,Vasily,Cottingham,vcottinghamo@mail.ru,Female,0.185.27.6
26,Alard,Frediani,afredianip@yahoo.co.jp,Female,120.74.132.90
27,Starlene,Antonias,santoniasq@tripadvisor.com,Female,156.250.104.123
28,Louis,Brock,lbrockr@wikia.com,Female,129.80.76.158
29,Tessy,Gearty,tgeartys@cnn.com,Female,244.135.250.252
30,Joanie,Spilsted,jspilstedt@yellowpages.com,Male,57.91.229.107
31,Spence,Jaspar,sjasparu@imdb.com,Female,174.192.21.30
32,Rasia,Dmisek,rdmisekv@si.edu,Female,12.60.177.47
33,Jaine,Faltskog,jfaltskogw@gmpg.org,Male,142.46.95.189
34,Caesar,Ramalho,cramalhox@wordpress.org,Female,247.163.181.197
35,Hobart,Antal,hantaly@tinypic.com,Male,97.19.228.134
36,Vaughn,Stayt,vstaytz@last.fm,Polygender,237.41.116.180
37,Fan,Esilmon,fesilmon10@ustream.tv,Male,198.216.6.216
38,Hubie,Matresse,hmatresse11@engadget.com,Female,227.112.82.248
39,Ab,Rogge,arogge12@rediff.com,Male,157.153.119.152
40,Goran,Gethin,ggethin13@lycos.com,Male,115.195.83.97
41,Dalton,Priver,dpriver14@usgs.gov,Female,208.120.88.184
42,Noland,Bus,nbus15@4shared.com,Male,246.194.68.114
43,Kellina,Overstone,koverstone16@symantec.com,Male,100.173.207.238
44,Alyda,Smeaton,asmeaton17@1und1.de,Male,47.92.62.161
45,Nicky,LaBastida,nlabastida18@apache.org,Female,214.205.157.221
46,Nathalie,Leehane,nleehane19@lycos.com,Male,108.166.192.84
47,Emmery,Mantripp,emantripp1a@independent.co.uk,Female,184.123.163.128
48,Almeta,Kennady,akennady1b@eepurl.com,Female,187.251.90.21
49,Raffaello,Teresse,rteresse1c@ucoz.com,Male,9.86.171.165
50,Tiffie,Samwyse,tsamwyse1d@deliciousdays.com,Polygender,175.85.44.210
51,Darice,Santen,dsanten1e@cdbaby.com,Male,138.192.169.207
52,Bartlett,Pumphrey,bpumphrey1f@photobucket.com,Male,185.156.254.221
53,Chiquita,Cornhill,ccornhill1g@furl.net,Male,222.207.196.114
54,Grady,Tarbett,gtarbett1h@geocities.com,Male,229.219.143.101
55,Duffie,Float,dfloat1i@google.ru,Male,120.58.175.3
56,Blisse,Frostdyke,bfrostdyke1j@google.com,Male,211.55.142.247
57,Terrell,Vassay,tvassay1k@umn.edu,Female,176.240.209.113
58,Adolphe,Perillio,aperillio1l@reddit.com,Female,219.47.20.204
59,Scott,Osipenko,sosipenko1m@comsenz.com,Female,203.107.202.192
60,Ashleigh,MacMenamy,amacmenamy1n@feedburner.com,Male,95.85.70.93
61,Rutledge,Pellington,rpellington1o@redcross.org,Agender,204.163.147.98
62,Quintilla,McGorman,qmcgorman1p@businessweek.com,Female,199.6.72.90
63,Ricky,Cowell,rcowell1q@craigslist.org,Female,19.37.182.89
64,Allys,Meaders,ameaders1r@aol.com,Bigender,62.217.24.142
65,Linda,Winstone,lwinstone1s@ihg.com,Male,47.224.90.59
66,Ebeneser,Fellows,efellows1t@spiegel.de,Male,81.52.92.79
67,Melessa,Casado,mcasado1u@ocn.ne.jp,Male,13.158.134.193
68,Cyndy,Kyston,ckyston1v@de.vu,Female,172.171.179.162
69,Fallon,Spratley,fspratley1w@stanford.edu,Male,107.113.199.132
70,Martie,Bergeau,mbergeau1x@sfgate.com,Female,32.24.169.66
71,Ruth,Trickey,rtrickey1y@ft.com,Male,245.156.164.120
72,Gregorius,Knapman,gknapman1z@ifeng.com,Female,228.120.40.40
73,Corny,De Stoop,cdestoop20@ow.ly,Female,103.244.66.247
74,Mac,Sysland,msysland21@infoseek.co.jp,Male,138.244.236.33
75,Conney,Heddy,cheddy22@home.pl,Male,130.147.132.74
76,Julie,Iannello,jiannello23@vimeo.com,Female,20.219.32.76
77,Alf,Whillock,awhillock24@digg.com,Non-binary,225.44.20.191
78,Moshe,Pitman,mpitman25@trellian.com,Male,145.32.132.52
79,Merwyn,Bignall,mbignall26@ycombinator.com,Male,148.68.175.56
80,Cornall,Napoleone,cnapoleone27@nasa.gov,Female,197.10.213.176
81,Jaquelin,Draycott,jdraycott28@multiply.com,Polygender,37.45.146.75
82,Temp,Tremathick,ttremathick29@npr.org,Male,206.133.52.225
83,Artemas,Moscon,amoscon2a@archive.org,Male,75.247.3.239
84,Rayshell,Adamczyk,radamczyk2b@ifeng.com,Female,103.153.148.178
85,Haze,Kirkham,hkirkham2c@jugem.jp,Agender,175.186.223.126
86,Hedwiga,Dethloff,hdethloff2d@china.com.cn,Male,243.208.199.67
87,Wynnie,Hearfield,whearfield2e@prlog.org,Male,189.64.23.132
88,Emma,Warret,ewarret2f@hud.gov,Female,73.213.57.226
89,Ethelyn,Sully,esully2g@imdb.com,Polygender,32.192.63.237
90,Saunders,McArte,smcarte2h@shop-pro.jp,Male,174.81.83.113
91,Elston,Haszard,ehaszard2i@walmart.com,Male,172.110.188.26
92,Kally,Brinkler,kbrinkler2j@tinyurl.com,Female,198.230.193.231
93,Jannelle,Kunzel,jkunzel2k@nps.gov,Male,173.37.84.156
94,Rollin,Vere,rvere2l@vinaora.com,Male,69.5.209.11
95,Mart,Whenman,mwhenman2m@huffingtonpost.com,Female,238.247.43.62
96,Hanny,Maple,hmaple2n@blogger.com,Male,213.209.233.241
97,Harley,Landal,hlandal2o@sphinn.com,Female,13.59.172.222
98,Nickola,Dickon,ndickon2p@nasa.gov,Male,85.62.14.20
99,Hedwig,Ciccoloi,hciccoloi2q@msn.com,Female,148.139.57.36
100,Tammara,Cornwell,tcornwell2r@youtu.be,Female,87.86.29.116
101,Saloma,Aleksich,saleksich2s@utexas.edu,Male,104.162.154.250
102,Simone,Parkes,sparkes2t@google.co.jp,Female,18.58.207.196
103,Gerrard,Blezard,gblezard2u@ihg.com,Male,197.119.180.255
104,Angelico,Sweatland,asweatland2v@imdb.com,Genderfluid,233.184.199.194
105,Andee,Chichgar,achichgar2w@seesaa.net,Female,244.150.87.149
106,Maegan,Stelfax,mstelfax2x@yahoo.com,Male,35.219.246.39
107,Joyan,Geibel,jgeibel2y@moonfruit.com,Female,65.235.125.207
108,Yasmin,Denacamp,ydenacamp2z@about.me,Genderqueer,70.82.236.226
109,Verile,Barry,vbarry30@lulu.com,Female,42.32.211.94
110,Modestine,Airton,mairton31@macromedia.com,Male,95.120.248.78
111,Bernardina,Crosland,bcrosland32@squidoo.com,Female,38.179.129.151
112,Tillie,Summerfield,tsummerfield33@ow.ly,Female,42.172.97.78
113,Terrance,Ridings,tridings34@4shared.com,Female,67.253.66.104
114,Suzy,Matias,smatias35@google.it,Male,69.236.104.203
115,Barrett,Botham,bbotham36@thetimes.co.uk,Non-binary,222.2.101.144
116,Brett,Kesby,bkesby37@google.es,Female,69.227.27.91
117,Nellie,Treleaven,ntreleaven38@wunderground.com,Female,13.71.175.116
118,Valentijn,Ainsworth,vainsworth39@amazon.com,Female,6.92.38.65
119,Karylin,Matiebe,kmatiebe3a@nifty.com,Female,202.170.174.172
120,Dominique,Strothers,dstrothers3b@bandcamp.com,Female,171.78.35.186
121,Linc,McKernan,lmckernan3c@timesonline.co.uk,Female,187.69.228.22
122,Minetta,Pirdue,mpirdue3d@aol.com,Male,114.204.17.40
123,Zorine,Philpots,zphilpots3e@wunderground.com,Female,8.97.163.209
124,Kevan,Prigg,kprigg3f@redcross.org,Female,8.170.244.165
125,Dniren,Knott,dknott3g@imgur.com,Male,173.103.121.0
126,Maud,Fishbourn,mfishbourn3h@github.com,Female,235.38.119.162
127,Tatiana,Peert,tpeert3i@example.com,Polygender,138.239.109.72
128,Dix,Hegges,dhegges3j@nationalgeographic.com,Genderfluid,238.74.82.137
129,Aguistin,Lynnett,alynnett3k@imgur.com,Female,173.174.94.50
130,Ferdie,Sheasby,fsheasby3l@who.int,Male,47.149.44.72
131,Sibyl,Pettit,spettit3m@webnode.com,Female,137.113.91.47
132,Keith,Greenaway,kgreenaway3n@mediafire.com,Female,120.127.114.124
133,Marijn,Janata,mjanata3o@imdb.com,Male,142.252.247.66
134,Stormi,MacAne,smacane3p@xinhuanet.com,Male,75.53.69.54
135,Tomaso,Cassy,tcassy3q@timesonline.co.uk,Male,157.87.150.109
136,Hagan,Drawmer,hdrawmer3r@theatlantic.com,Male,43.16.44.253
137,Barnabe,Baldocci,bbaldocci3s@flickr.com,Male,152.27.55.1
138,Diahann,Pryor,dpryor3t@smh.com.au,Male,99.61.90.90
139,Marthe,Hilbourne,mhilbourne3u@weibo.com,Female,27.201.234.101
140,Sherlock,Picott,spicott3v@wikipedia.org,Female,17.171.134.26
141,Mathilde,Beauman,mbeauman3w@addthis.com,Female,185.61.124.189
142,Lindon,Hawley,lhawley3x@163.com,Female,63.228.102.11
143,Selig,Verlander,sverlander3y@indiegogo.com,Bigender,224.35.205.136
144,Seymour,Dunster,sdunster3z@blogtalkradio.com,Male,74.252.200.62
145,Aubrie,Alison,aalison40@freewebs.com,Male,99.241.185.199
146,Bernadine,Millett,bmillett41@hao123.com,Female,221.109.16.141
147,Gaby,Jaeggi,gjaeggi42@telegraph.co.uk,Male,172.235.38.181
148,Deb,Barnewille,dbarnewille43@amazon.co.uk,Male,143.195.238.34
149,Kelsey,Jewell,kjewell44@skype.com,Female,33.30.116.0
150,Lesya,Sodor,lsodor45@twitter.com,Female,5.107.46.178
151,Auria,Cantero,acantero46@independent.co.uk,Female,99.113.104.117
152,Feodora,Luberti,fluberti47@prnewswire.com,Male,61.86.141.36
153,Gabi,McBrier,gmcbrier48@un.org,Female,70.245.54.93
154,Maxine,Skain,mskain49@taobao.com,Female,120.17.220.84
155,Clair,Peek,cpeek4a@forbes.com,Male,31.211.242.207
156,Marv,Delea,mdelea4b@sakura.ne.jp,Male,89.113.27.6
157,Tamiko,Cowling,tcowling4c@virginia.edu,Male,65.13.36.106
158,Terrill,Cordero,tcordero4d@mediafire.com,Female,99.152.69.178
159,Georgie,Lampard,glampard4e@ftc.gov,Female,13.102.150.241
160,Ursala,Bentame,ubentame4f@unblog.fr,Male,110.16.82.101
161,Drucy,Helleckas,dhelleckas4g@ameblo.jp,Male,231.177.61.170
162,Yankee,Seabridge,yseabridge4h@princeton.edu,Female,120.64.100.0
163,Carmine,Sellars,csellars4i@flickr.com,Male,51.167.128.110
164,Marty,Farenden,mfarenden4j@biblegateway.com,Female,103.145.87.175
165,Ardene,Di Ruggero,adiruggero4k@cargocollective.com,Male,73.83.246.41
166,Regine,Foskin,rfoskin4l@go.com,Female,213.41.226.59
167,Josefina,Olek,jolek4m@bloglines.com,Male,220.242.228.178
168,Cale,Fulkes,cfulkes4n@pcworld.com,Female,19.118.71.179
169,Meggie,Youens,myouens4o@blogspot.com,Female,76.69.178.30
170,Gabrila,Machel,gmachel4p@guardian.co.uk,Female,146.206.56.50
171,Danya,Leeds,dleeds4q@qq.com,Male,195.95.178.101
172,Staffard,De Bell,sdebell4r@trellian.com,Female,246.46.64.241
173,Brucie,Dymidowicz,bdymidowicz4s@squarespace.com,Female,85.57.132.49
174,Merrilee,Topling,mtopling4t@hugedomains.com,Female,183.80.164.132
175,Gabey,Munkton,gmunkton4u@gov.uk,Male,103.210.157.76
176,Valera,Hember,vhember4v@youtube.com,Genderfluid,25.103.143.88
177,Evan,Jessard,ejessard4w@comcast.net,Genderqueer,137.81.23.51
178,Natalee,Wahlberg,nwahlberg4x@github.com,Male,63.112.33.184
179,Chickie,Marquese,cmarquese4y@bandcamp.com,Male,3.110.103.201
180,Fanechka,Clearie,fclearie4z@booking.com,Female,131.85.115.49
181,Gavan,Thickins,gthickins50@blinklist.com,Female,134.157.75.6
182,Daryl,Askam,daskam51@stanford.edu,Non-binary,14.171.25.15
183,Blondie,Jozefiak,bjozefiak52@cargocollective.com,Female,221.106.213.207
184,Finn,Cullabine,fcullabine53@arstechnica.com,Genderqueer,69.141.109.112
185,Dennis,Bolzmann,dbolzmann54@quantcast.com,Male,35.168.41.105
186,Terrel,Advani,tadvani55@globo.com,Non-binary,58.89.246.41
187,Lynnelle,Stolte,lstolte56@spotify.com,Male,153.65.203.107
188,Ketty,Longea,klongea57@miibeian.gov.cn,Female,170.139.113.47
189,Loren,Seabrocke,lseabrocke58@myspace.com,Male,195.144.197.252
190,Kakalina,McClunaghan,kmcclunaghan59@jigsy.com,Female,247.57.167.56
191,Sasha,Ackermann,sackermann5a@foxnews.com,Male,220.53.57.2
192,Kincaid,Adnett,kadnett5b@bluehost.com,Bigender,111.156.102.25
193,Hodge,Staggs,hstaggs5c@dyndns.org,Female,43.179.122.192
194,Drona,Frostdicke,dfrostdicke5d@list-manage.com,Female,70.213.148.155
195,Steve,Dunseath,sdunseath5e@china.com.cn,Male,151.211.198.155
196,Torrance,Hoppner,thoppner5f@hp.com,Male,46.81.167.115
197,Tito,Whiff,twhiff5g@so-net.ne.jp,Female,155.107.140.31
198,Janna,Gullis,jgullis5h@spotify.com,Male,111.204.110.138
199,Kandace,Baignard,kbaignard5i@census.gov,Female,75.25.231.196
200,Emera,Neaves,eneaves5j@goodreads.com,Female,36.65.18.128
